{
  "default": {
    "3": [
      [0.0, 0.0],
      [-0.05, 0.0],
      [0.05, 0.0]
    ],
    "4": [
      [-0.05, -0.05],
      [0.05, -0.05],
      [0.05, 0.05],
      [-0.05, 0.05]
    ],
    "5": [
      [0.0, 0.0],
      [-0.05, 0.0],
      [0.05, 0.0],
      [0.0, -0.05],
      [0.0, 0.05]
    ],
    "6": [
      [0.0, 0.0],
      [-0.05, 0.0],
      [0.05, 0.0],
      [0.0, -0.05],
      [0.0, 0.05],
      [-0.035, -0.035]
    ],
    "8": [
      [-0.05, -0.05],
      [0.05, -0.05],
      [0.05, 0.05],
      [-0.05, 0.05],
      [0.0, -0.05],
      [0.05, 0.0],
      [0.0, 0.05],
      [-0.05, 0.0]
    ],
    "9": [
      [-0.05, -0.05],
      [0.0, -0.05],
      [0.05, -0.05],
      [-0.05, 0.0],
      [0.0, 0.0],
      [0.05, 0.0],
      [-0.05, 0.05],
      [0.0, 0.05],
      [0.05, 0.05]
    ],
    "12": [
      [-0.05, -0.05],
      [0.0, -0.05],
      [0.05, -0.05],
      [-0.05, -0.0166666667],
      [0.0, -0.0166666667],
      [0.05, -0.0166666667],
      [-0.05, 0.0166666667],
      [0.0, 0.0166666667],
      [0.05, 0.0166666667],
      [-0.05, 0.05],
      [0.0, 0.05],
      [0.05, 0.05]
    ]
  }
}
